Latitude,Longitude
12.97039445,77.6447133
12.98241296,77.72197936
12.95404312,77.56886512
12.97912104,77.64403872
12.99763172,77.6968206
12.93658526,77.61346791
12.93343554,77.61434499
12.97182157,77.64110304
12.93296695,77.63111752
12.97021802,77.64030542
12.96396971,77.63859853
12.91804385,77.63768893
12.97472511,77.60541189
12.9702177,77.6376145
12.9703033,77.64449771
12.93347017,77.61418238
12.91293443,77.68290594
12.9703266,77.6357265
12.97606334,77.60155186
12.9704219,77.61105794
12.9163576,77.60477956
12.95490768,77.58568022
12.97033695,77.64527254
12.9716667,77.59839457
12.95567127,77.72527816
12.96657733,77.60869961
12.96993083,77.64142055
12.97351365,77.62020294
12.91356874,77.63820257
12.91189129,77.6380631
12.92623505,77.54873414
12.96977891,77.60707453
12.98098133,77.63725977
12.89323791,77.58632932
12.90573138,77.60841161
12.97263281,77.6082956
12.97087767,77.60744736
12.92267737,77.65144195
12.93464785,77.62554456
12.9705374,77.61045441
12.91192952,77.63801917
12.97187907,77.59511355
12.97065518,77.60065634
12.97040393,77.64586598
12.96697006,77.60783695
12.90635951,77.59681508
12.97033009,77.64467239
12.96796788,77.60736287
12.97006806,77.63965968
12.96697626,77.63693791
12.997432,77.69654
12.97992377,77.69411355
12.9293182,77.6346292
12.93484587,77.62964129
12.93495371,77.62904651
12.93344436,77.62366802
12.97329573,77.60922331
12.98237081,77.72192437
12.9330506,77.58236803
12.939076,77.626065
12.9788881,77.640922
12.96988085,77.64128376
12.90637388,77.58206293
13.0247031,77.7614997
12.97317843,77.60922901
12.93338717,77.62224443
12.9450049,77.57145714
12.91438475,77.58587368
12.935475,77.614142
12.84977027,77.65783768
12.90755234,77.59935513
12.94831687,77.69886877
12.93708161,77.61755928
12.90637585,77.57786125
12.91417919,77.67762903
12.9155733,77.64901623
12.96170807,77.59464987
12.97177616,77.59648249
12.96960182,77.60755699
12.97193984,77.60895208
12.91049683,77.68550701
12.97277559,77.61864122
12.97045196,77.64647517
12.97038661,77.64484104
12.93472007,77.6114586
12.97064799,77.59764623
12.97027193,77.63910782
12.93347279,77.61531763
12.9506992,77.69989941
12.97175492,77.59585317
12.97654622,77.72548534
12.97187907,77.59512763
12.97436899,77.6070068
12.96692464,77.60648813
12.93612059,77.62140188
12.98185429,77.69270372
12.96016948,77.64709309
12.97828956,77.63733722
12.93792401,77.69539163
12.93348455,77.62338437
12.99789802,77.62228031
12.94987972,77.69929022
12.96962665,77.60649417
12.9371437,77.6196209
12.92042941,77.68433522
12.98744777,77.61663426
12.91816182,77.57409576
12.97532366,77.60504678
12.89404026,77.58630652
12.90938211,77.52730262
12.910836,77.685732
12.93564417,77.6149904
12.97159058,77.59615391
12.93346821,77.6153136
12.91076971,77.59944364
12.97048071,77.6464279
12.9237685,77.65155863
12.94962616,77.69908067
12.97088192,77.64741194
12.9722631,77.59618032
12.90494803,77.50928018
12.92263064,77.58479577
12.84031538,77.6533977
12.92639125,77.58480582
12.97096818,77.59754632
12.96759933,77.60004245
12.897472,77.717611
12.97006446,77.63948902
12.89772024,77.71725062
12.96554291,77.59650193
12.95391895,77.63971299
12.96287581,77.75073767
12.97520669,77.60347266
12.9056987,77.52108358
12.98796682,77.72998985
12.98265929,77.76712429
12.93405379,77.61569481
12.93461485,77.61328083
12.987374,77.73335
12.97197153,77.59636916
12.91783372,77.59258356
12.89221429,77.6025939
12.93305289,77.61474296
13.01078413,77.75982298
12.9892427,77.7280184
12.82667909,77.68089227
12.97314348,77.62000144
12.91177723,77.63240565
12.93432664,77.60959413
12.96694359,77.59507231
12.92729348,77.58523867
12.90412774,77.67593555
12.9498954,77.69927882
12.96632314,77.6415436
12.97025821,77.61481907
12.92493217,77.56572761
12.93868341,77.69494738
12.93374597,77.61966113
12.9361487,77.62540944
12.97538737,77.60499951
12.91180959,77.64383823
12.95603003,77.72001263
12.9127743,77.63537619
12.97670729,77.72552993
12.97343033,77.60934602
12.9498111,77.69928485
12.92554456,77.58385833
12.97874369,77.63675988
12.91497592,77.6661237
12.94836817,77.69886609
12.92002746,77.58946717
12.93714043,77.61955149
12.93445212,77.61273164
12.99783235,77.69651916
12.93712083,77.61437315
12.97900114,77.64166094
12.93755608,77.61916794
12.97796481,77.63669617
12.93451159,77.61686426
12.87617684,77.59534489
12.93433808,77.61609849
12.989372,77.717098
12.90611832,77.60138724
12.97034544,77.6459337
12.9684181,77.60177549
12.967199,77.64119
12.97307715,77.60247689
12.90638238,77.58149866
12.91421122,77.66676273
12.936211,77.61612
12.97012687,77.64027826
12.84159063,77.64742803
12.93260848,77.61399496
12.96830832,77.60269113
12.92362472,77.57339403
12.970375,77.642769
12.97694972,77.64082812
12.93334829,77.58343488
12.97441506,77.60725256
12.96982922,77.59748127
12.97521584,77.6051306
12.97327612,77.60342874
12.97189541,77.59615459
12.92766699,77.58085292
12.91217233,77.64371317
12.90086002,77.71111806
12.91780987,77.64496475
12.97329409,77.61130504
12.970031,77.640634
12.96724,77.60171
12.97182288,77.59611636
12.9292316,77.63457857
12.90090375,77.59482622
12.99630509,77.69539665
12.9612231,77.6486703
12.93288133,77.58500732
12.9312344,77.62337834
12.9599009,77.64715813
12.93586898,77.61585508
12.96831421,77.60117702
12.91227299,77.64311839
12.94095278,77.57681217
12.91723929,77.58577242
12.90659546,77.58972902
12.97322712,77.64683928
12.97446407,77.60748524
12.93421194,77.61695713
12.92551874,77.58390058
12.95052995,77.6999259
12.91231384,77.64003284
12.96713865,77.59563223
12.972226,77.773276
12.83989276,77.6638817
12.97531124,77.57856231
12.97905799,77.72744905
12.92944629,77.68342596
12.90656703,77.58978669
12.98026485,77.64067188
12.98866113,77.72947714
12.9823829,77.63928115
12.91183573,77.59983089
12.9309602,77.6080777
12.9125926,77.65223254
12.89297285,77.59880193
12.98655588,77.59472765
12.96658615,77.59508807
12.974143,77.620468
12.92484656,77.67470241
12.96879841,77.6020826
12.93276664,77.61418641
12.97567912,77.60180399
12.92440834,77.56481364
12.97509888,77.62001619
12.97766554,77.63660766
12.93630097,77.58396227
12.96018222,77.64924858
12.968444,77.584417
12.90111356,77.59493317
12.97107,77.647521
12.93357997,77.61570387
12.94078188,77.57051133
12.98099929,77.63831053
12.96304767,77.60582127
12.91061219,77.68462557
12.91516971,77.63556194
12.92948191,77.57343929
12.9967324,77.69675486
12.8893745,77.58188456
12.99088463,77.61932686
12.9167759,77.59005792
12.939496,77.625999
12.975798,77.641156
12.97660209,77.72572272
12.91211024,77.64369573
12.97382142,77.642591
12.96716086,77.59554338
12.9961632,77.6954335
12.97046708,77.64469143
12.70034365,77.25174554
12.96473556,77.71748196
12.94990945,77.69927043
12.94009797,77.56441332
12.96654629,77.64164887
12.92351263,77.56975796
12.95740986,77.74078768
12.91048147,77.68473689
12.97130274,77.63512105
12.9120841,77.63851304
12.965649,77.641645
12.91239586,77.63358917
12.93551771,77.60829359
12.98078465,77.64042713
12.93372179,77.6192997
12.88666345,77.58208338
12.93434494,77.60961693
12.91910003,77.65158679
12.96994064,77.63811205
12.93635913,77.62121078
12.92413842,77.56644778
12.95664561,77.71695625
12.95086421,77.69944713
12.969999,77.639917
12.965944,77.641337
12.97498322,77.60753151
12.93413711,77.62346283
12.90684285,77.5952547
12.97543899,77.60232367
12.97537953,77.64702301
12.99585949,77.69639678
12.97495904,77.60760259
12.90369962,77.51388352
12.97991723,77.64057733
12.97225415,77.59615961
12.9039091,77.50785291
12.936282,77.615714
12.9406075,77.62358526
12.970089,77.64083
12.92092678,77.6515013
12.97618945,77.6020759
12.9264004,77.58476693
12.936221,77.622319
12.97475223,77.59950768
12.86788137,77.54336368
12.92204504,77.58391567
12.929122,77.634665
12.89887096,77.60568682
12.96294149,77.74780937
12.96592453,77.71812033
12.9086357,77.6519338
12.936978,77.620128
12.96869386,77.64147252
12.96866347,77.60272298
12.91378214,77.58581903
12.97779198,77.69553613
12.97194736,77.59857964
12.9644451,77.63875544
12.94911741,77.6455069
12.95767876,77.64491547
12.96409452,77.73969904
12.97850095,77.64261514
12.841875,77.644528
12.93703783,77.61984084
12.98728867,77.73814838
12.97369988,77.60300361
12.99087123,77.61932451
12.95781044,77.70890996
12.95395097,77.63965163
12.9387602,77.57076882
12.92713761,77.58520279
12.92888358,77.62905356
12.9512782,77.71559637
12.967885,77.648157
12.9745794,77.60677312
12.993883,77.703264
12.97506784,77.62002826
12.9063631,77.58903835
12.93520401,77.62423128
12.92346851,77.58137964
12.91325142,77.66626652
12.92577004,77.63352077
12.90813144,77.63484478
12.97034479,77.64483768
12.96830506,77.60115489
12.92878,77.62776576
12.9805896,77.64085595
12.97365218,77.60712918
12.90023509,77.58569464
12.96840863,77.74989177
12.91489651,77.50098947
12.96703769,77.6416187
12.94829759,77.56862774
12.93790278,77.5677577
12.91680956,77.59399608
12.9207428,77.61321008
12.84807769,77.65771933
12.92109899,77.64507204
13.01244622,77.6656305
12.970265,77.573028
12.93469066,77.61570521
12.92337179,77.58598566
12.97986463,77.72786278
12.96431474,77.59834461
12.96628752,77.59504281
12.92600826,77.50001013
12.89363794,77.61086516
12.92828068,77.68216766
12.9674046,77.71462172
12.93415443,77.6157508
12.98643304,77.59841468
12.97223977,77.6258862
12.91036285,77.59126358
12.92870647,77.587023
12.91181089,77.64120229
12.97065714,77.60068517
12.97605387,77.57554416
12.97459083,77.59945706
12.91080631,77.68079303
12.9137662,77.6100581
12.96417751,77.7170109
12.92928781,77.68321004
12.9744376,77.60728408
12.95125206,77.69932576
12.925024,77.63742138
12.96880593,77.6144211
12.93353389,77.62238156
12.97261485,77.65334096
12.89797222,77.65828863
12.932918,77.614292
12.91059749,77.63795011
12.90849517,77.65154924
12.90623336,77.59335
12.93208499,77.63208613
12.93441748,77.61632882
12.90842066,77.5858663
12.92345512,77.58140478
12.93937223,77.57126302
12.91192952,77.63933782
12.92141402,77.67602406
12.97061042,77.64503919
12.93635718,77.61498193
12.91593735,77.65172761
12.97363813,77.60728542
12.96476203,77.71669239
12.915677,77.672702
12.94032409,77.56430134
12.92944498,77.63450481
12.95928893,77.56736878
12.93458217,77.61135299
12.94007477,77.57999964
12.83925826,77.65925523
12.933678,77.61592079
12.93638918,77.61289264
12.9549544,77.72976816
12.89712903,77.65856422
12.955949,77.71665014
12.934235,77.625886
12.93958626,77.62557976
12.93591212,77.61519659
12.90531961,77.61157896
12.92461715,77.61934564
12.97485515,77.61936978
12.91131122,77.60192569
12.97460096,77.59946946
12.91520173,77.58560278
12.93733453,77.62433555
12.97905603,77.64523968
12.9158465,77.63468888
12.877269,77.616707
12.93459361,77.61270784
12.92941361,77.68325932
12.92651673,77.57806543
12.91711772,77.57765874
12.98736479,77.68952865
12.91389782,77.60979831
12.9869468,77.7367317
12.91367723,77.60723244
12.84811037,77.64860887
12.91548474,77.59505957
12.89067625,77.5969978
12.96640253,77.63728727
12.9245103,77.67292611
12.98891628,77.72974301
12.95446037,77.57881578
12.93783644,77.56865893
12.93533439,77.60773335
12.93481875,77.61280071
12.92892182,77.581845
12.97184673,77.6789755
12.91050108,77.60649618
12.96858735,77.6361708
12.91348737,77.6100501
12.93401985,77.62618382
12.92314075,77.59313341
12.94811265,77.69865755
12.93383224,77.62668181
12.97734504,77.72496466
12.96873307,77.64897868
12.90618466,77.59384789
12.90645526,77.58634575
12.97515213,77.62041852
12.97184411,77.59518161
12.93333228,77.62704223
12.9670305,77.59389818
12.98961705,77.72826377
12.9686344,77.60272264
12.90925532,77.63869744
12.980311,77.640974
12.90713077,77.60018963
12.91173736,77.63889827
12.90362707,77.65000094
12.91230894,77.63681117
12.91263671,77.58569229
12.96718864,77.59549174
12.91479422,77.63830248
12.92335741,77.5812405
12.92460147,77.58381944
12.98729651,77.73784395
12.97271221,77.59975344
12.89750324,77.59961665
12.97047319,77.61103883
12.90925564,77.64250115
12.97896389,77.63679709
12.92849733,77.59642717
12.91285665,77.6352223
12.92689351,77.58367024
12.95754741,77.64424827
12.9751603,77.62042556
12.97320719,77.62204494
12.97244822,77.67995652
12.97271711,77.61863753
12.96967011,77.63871755
12.94714579,77.59867553
12.84992489,77.66037606
12.9343616,77.61632111
12.97596141,77.60378715
12.91229063,77.64247399
12.93546543,77.53294632
12.97740809,77.64061924
12.96908854,77.64141217
12.90305319,77.52231941
12.91159782,77.63107493
12.9725152,77.62610044
12.9600891,77.64858339
12.916533,77.604325
12.83948022,77.65959721
12.96590427,77.59091154
13.01632633,77.76221417
12.996065,77.695574
12.94063713,77.62410957
12.93306498,77.61477482
12.937394,77.62431677
12.971673,77.61261
12.97912954,77.6425045
12.90588662,77.58568425
12.9251949,77.57684469
12.91416155,77.61303172
12.97388284,77.6449272
13.080504,77.815213
12.9611442,77.6046057
12.90725528,77.60712583
12.9752214,77.60366175
12.970417,77.647434
12.97507045,77.61525594
12.93753811,77.57951785
12.84496183,77.66549908
12.91464226,77.64472503
12.91803895,77.63823744
12.93745511,77.62715455
12.91619388,77.64472906
12.93738224,77.69356202
12.90643925,77.59178258
12.90708992,77.6000867
12.98232278,77.70890929
12.90360321,77.64940515
12.94535878,77.57703714
12.937017,77.624877
12.99516234,77.61420786
12.93419691,77.61587854
12.934072,77.615702
12.84039061,77.65066814
12.93427958,77.51745187
12.899347,77.59447
12.97179543,77.60092322
12.97564645,77.59914961
12.90753633,77.54083905
12.89712772,77.71873221
12.94097859,77.62446161
12.93551934,77.62123927
12.93360154,77.62183204
12.97297097,77.57480185
12.97002,77.638715
12.97566606,77.60197967
12.97345941,77.60694142
12.93447303,77.61613972
12.96252948,77.64187954
12.9342188,77.62594789
12.94702163,77.57156342
12.92905089,77.5860792
12.9705699,77.63340846
12.99528419,77.6669753
12.9694094,77.6478072
12.848915,77.670378
12.94484381,77.57220279
12.92589258,77.56476838
12.923189,77.61646
12.8412487,77.64761612
12.82442111,77.41161861
12.84220224,77.66971953
12.95585588,77.71684527
12.93696006,77.62006983
12.90027333,77.58576069
12.84871347,77.65765864
12.92151565,77.57111382
12.83908631,77.65808579
12.92878196,77.62776341
12.93639867,77.61504639
12.97279193,77.6268803
12.97347085,77.62005039
12.95342132,77.69813351
12.95348536,77.71528926
12.94051524,77.62007486
12.9335571,77.61581048
12.94987776,77.6992929
12.975455,77.60287721
12.93073738,77.58234456
12.94162917,77.55743153
12.975181,77.604017
12.99750011,77.69667707
12.97014124,77.61006553
12.9242443,77.67182976
12.97255604,77.63696205
12.84497883,77.66545851
12.89965761,77.59481985
12.92776274,77.57809561
12.95973655,77.74781071
12.93935557,77.62574807
12.93650357,77.60832176
12.94579009,77.57054519
12.95973198,77.64843252
12.96795,77.641228
12.913447,77.6039744
12.91204619,77.62627915
12.99196043,77.70279385
12.93442,77.612768
12.98098851,77.64611743
12.91427462,77.60062516
12.97821344,77.63779219
12.91402723,77.60621756
12.91869057,77.57783342
12.96506883,77.63524108
12.9474121,77.5738718
12.97072281,77.5975661
12.91894644,77.56882288
12.96967174,77.73560464
12.95386961,77.63966337
12.87893278,77.61000652
12.91356743,77.63820391
12.90867557,77.6504378
12.93376394,77.61939391
12.9006106,77.60031536
12.94854756,77.69920338
12.95548993,77.71573752
12.96721575,77.71663103
12.90702978,77.56369315
12.91915,77.66513
12.927274,77.637993
12.97166017,77.59419255
12.93600688,77.62140121
12.93141445,77.58355994
12.88362651,77.55005512
12.96908691,77.64769088
12.931714,77.607324
12.92005262,77.58942593
12.9321608,77.58349724
12.94937162,77.64533792
12.9565172,77.70994965
12.92269632,77.6744315
12.95743926,77.71462072
12.92219863,77.49531325
12.91175893,77.6825767
12.9487472,77.71192811
12.91037232,77.60660782
12.93653297,77.61988275
12.9625053,77.64334403
12.96492931,77.71814112
12.953727,77.719529
12.92874862,77.54575118
12.93249901,77.61380989
12.96454475,77.60667153
12.97930204,77.64224768
13.0235317,77.7070056
12.9168455,77.6062501
12.978209,77.63652
12.96873633,77.6486776
12.96964495,77.6488962
12.98525234,77.73971178
12.97618749,77.72690456
12.86726459,77.54373081
12.93349697,77.6270714
12.96868112,77.64935151
12.9270435,77.66899768
12.87951914,77.60977954
12.9848603,77.6117513
12.83908827,77.65760466
12.84551525,77.65909631
12.9323304,77.62312017
12.91391416,77.61022512
12.97509009,77.60245609
12.97375084,77.60307904
12.97026,77.639465
12.91998498,77.5835643
12.9311014,77.5861647
12.929936,77.685813
12.9348547,77.6139316
12.92621773,77.51554348
12.90633532,77.57795177
12.93796184,77.62411397
12.88147527,77.59692069
12.9767612,77.64123304
12.91496579,77.63219073
12.91198344,77.64243677
12.91287952,77.63513044
12.987289,77.73784027
12.92161,77.671918
12.95701712,77.70348184
12.90507777,77.580119
12.94184,77.625555
12.936198,77.615398
12.91426449,77.63806678
12.91123704,77.56698489
12.82144096,77.66004715
12.96490514,77.71742865
12.91179815,77.64127672
12.93546935,77.51810096
12.94474056,77.5721639
12.9336878,77.61557076
12.91636512,77.59279646
12.9245152,77.6742528
12.98308793,77.59860009
12.97213,77.64225
12.90623172,77.59334497
12.8688773,77.58214172
12.913425,77.682971
12.8355509,77.693379
12.99717081,77.69676659
12.84015656,77.6534174
12.97941476,77.69539766
12.9149586,77.58606881
12.91148812,77.64435915
12.95900695,77.71406349
12.97124164,77.60565128
12.97886523,77.69450113
12.97968331,77.6037335
12.9537118,77.71517459
12.97149942,77.60844581
12.93020931,77.51494333
12.90634611,77.5968248
12.854952,77.669243
12.907486,77.694646
12.88287054,77.5464556
12.98572475,77.60538105
12.91179194,77.64380403
12.84145661,77.64775928
12.92218066,77.55835421
12.93634704,77.58081201
12.93501743,77.61528544
12.91043311,77.58810997
12.97896782,77.5778636
12.89189401,77.5790887
12.93304962,77.58231774
12.91026284,77.60979865
12.92883424,77.58650266
12.96787215,77.65430119
12.91605532,77.61877667
12.906694,77.633389
12.93392471,77.61971645
12.97507045,77.62002356
12.9866369,77.73603447
12.984256,77.733464
12.98069941,77.75115615
12.91043964,77.59920627
12.84199074,77.66956765
12.86716621,77.5353764
12.91375991,77.63213877
12.92459983,77.58383319
12.93652873,77.61495017
12.91139357,77.59894978
12.98658169,77.61950187
12.936308,77.615532
12.97370445,77.6410494
12.92089573,77.60074049
12.93066418,77.6004431
12.93889908,77.56742645
12.94238431,77.57159024
12.90374014,77.51386508
12.91697655,77.50004232
12.91229946,77.63364282
12.96519279,77.71934509
12.99062556,77.72311695
12.9588988,77.71933135
12.91371253,77.65171554
12.92194864,77.61653602
12.92445278,77.56512243
12.93182423,77.63215117
12.97515671,77.62041952
12.97829936,77.63730939
12.90292639,77.51917921
12.914046,77.666393
12.96613756,77.71449264
13.00838964,77.75892913
12.98576723,77.60515507
12.91895396,77.59304088
12.84918647,77.67402884
12.84753768,77.67137781
12.98149785,77.66686767
12.922433,77.67218
12.95810777,77.64151745
12.97095935,77.60077737
12.91390861,77.63106555
12.90768241,77.64454097
12.89929517,77.58578382
12.90112566,77.5899845
12.9545097,77.65287828
12.95851391,77.74643037
12.9361964,77.70386875
12.95838354,77.69983202
12.97473459,77.60590643
12.95652341,77.71088373
12.98121329,77.61292309
12.97020463,77.64072418
12.94397922,77.57112287
12.90742195,77.61096474
12.93560659,77.62122486
12.92828297,77.68216699
12.97506359,77.64113892
12.96362076,77.70984672
12.8406469,77.65967231
12.91236514,77.63437573
12.96878534,77.61437148
12.91818731,77.59259798
12.98051479,77.71204647
12.92283455,77.58478303
12.93306433,77.62310207
12.96794468,77.59140909
12.93634541,77.62553886
12.79671277,77.38357041
12.94100343,77.62447737
12.93620131,77.63150811
12.93755281,77.61914983
12.90647389,77.58948661
12.88658076,77.582133
12.91267724,77.58615296
12.84126113,77.64762048
12.93621601,77.62531087
12.92606055,77.55031664
12.98423,77.734054
12.979225,77.728571
12.94946474,77.57455342
12.90414506,77.58584015
12.91140011,77.58704748
12.9088893,77.65177622
12.92962406,77.57685877
12.92432999,77.61220555
12.98778885,77.73352325
12.9093739,77.6064934
12.9339832,77.62998328
12.97895148,77.6368038
12.97728231,77.61933759
12.9411155,77.57998724
12.98703058,77.73653906
12.89963702,77.59481817
12.97493519,77.61901572
12.98166591,77.60847453
12.92941296,77.68343467
13.01950149,77.70451061
12.91081187,77.64423218
12.97556935,77.60219894
12.90300809,77.52026148
12.92136271,77.59346668
12.90929845,77.64110439
12.81920223,77.51384664
12.82186007,77.51460303
12.91228606,77.63576712
12.966099,77.73362216
13.01030425,77.70639606
12.91505141,77.52069265
12.87408862,77.64634274
12.97718462,77.57581808
12.9233744,77.48472087
13.02397107,77.70637125
12.910543,77.60648
12.97212673,77.60101911
12.94340543,77.56418735
12.95838909,77.61492938
12.91517559,77.6153183
12.99159258,77.72074487
12.98303696,77.68021166
12.92296527,77.61446971
12.92635171,77.58476157
12.91300996,77.6803049
12.95144713,77.71752421
12.93375152,77.61097848
12.95904714,77.65542336
12.91134161,77.68092681
12.918821,77.611048
12.9261382,77.6221091
12.9097233,77.564818
12.90993376,77.61450257
12.92721048,77.67782215
12.96445,77.6387484
12.91969185,77.65219666
12.93163731,77.68597104
12.9519562,77.70222958
12.90084721,77.64062729
12.832996,77.668224
12.97405012,77.62257334
13.00829784,77.75884464
12.93774103,77.61929702
12.88135107,77.59667728
12.97900081,77.69570746
12.819925,77.662066
12.92188818,77.62110718
12.9784013,77.63615705
12.83984209,77.66393602
12.93432043,77.61626948
12.92882509,77.56263368
12.91289456,77.64471766
12.986699,77.736763
12.9564829,77.70987891
12.96558604,77.59802978
12.96783817,77.65439339
12.98683684,77.7365109
12.99277455,77.6614875
12.9686161,77.64886469
13.0128637,77.7611215
12.90330843,77.52142455
12.9312197,77.60808036
12.90933015,77.57346008
12.97295235,77.67655313
12.88368665,77.54840825
12.97183039,77.65478399
12.89006247,77.5939307
12.95577485,77.71425527
12.92719284,77.58578885
12.93343096,77.6154903
12.91492233,77.58652613
12.90954061,77.56488204
12.9540833,77.69798364
12.86942739,77.59699278
12.95823683,77.74672743
12.92962471,77.63082683
12.91664093,77.49985892
12.90559412,77.59154353
12.95394019,77.65283737
13.0530116,77.7594117
12.97027392,77.63906062
12.93446308,77.61613819
12.9268747,77.5984674
12.9704766,77.6434171
12.96697986,77.74982337
12.97331,77.618159
12.96493781,77.59858366
12.973313,77.618159
12.8818451,77.6256849
13.0186564,77.76237711
12.9737466,77.62013555
12.9617414,77.64342215
12.9332032,77.61393361
12.9145952,77.51863103
12.90931479,77.63863642
12.93104618,77.58611843
12.9351691,77.6153586
12.97234694,77.59623539
12.91720759,77.49987736
12.97185261,77.60670405
12.90650526,77.5745846
12.99534817,77.61433208
12.985026,77.595903
12.9307,77.63298
12.9159,77.605559
12.99175,77.61935
12.97377992,77.60665979
12.92556972,77.58550722
13.006786,77.700307
12.9288081,77.73833949
12.95921443,77.70953894
12.92376196,77.55324494
12.9657958,77.59783633
12.9716313,77.5958117
12.96081511,77.71628737
12.91183802,77.64279585
12.95654432,77.71493219
12.97727055,77.64088947
12.99470464,77.6150246
12.97239986,77.62615711
12.91737916,77.65136987
12.9718415,77.59640168
12.91377299,77.60924477
12.91095468,77.52101585
12.9103599,77.63517939
12.92441226,77.56483242
12.99547694,77.6142196
12.96763886,77.57110946
12.92676639,77.67033678
12.94010581,77.57122915
12.86156741,77.6014372
12.95023228,77.71573082
12.9146516,77.60594524
12.90693828,77.59957004
12.92976522,77.63385497
12.97830655,77.63730135
12.92199439,77.52100077
12.92624779,77.56459437
12.92221856,77.55820837
12.91514226,77.61546146
12.92247738,77.58947119
12.94838222,77.71570265
12.97401941,77.61999037
12.9705,77.6406
12.9602211,77.63807315
12.97591599,77.60167055
12.92416064,77.56063309
12.93950519,77.62678648
12.9686393,77.63600517
12.96448594,77.71584582
12.9294391,77.58153923
12.97381651,77.61307798
12.8858784,77.54537568
12.9230548,77.51836047
12.9051738,77.7045584
12.93678242,77.62477438
12.9862991,77.59554606
12.9740194,77.635798
12.85166127,77.66400509
12.91373246,77.60795563
12.9797136,77.6656997
12.95823356,77.71884989
12.88658534,77.5821729
12.90264239,77.58354351
12.84015068,77.6534174
12.92349302,77.61198297
12.90868276,77.6064707
12.89008339,77.59766769
12.885237,77.737784
12.9337476,77.6192122
12.99579,77.696362
12.93648657,77.61483584
12.97843626,77.63987325
12.94503431,77.56789852
13.01779141,77.70514145
12.92158819,77.58474983
12.89187603,77.57944543
12.95463485,77.64157444
12.96040146,77.70172331
12.934121,77.615559
12.93695091,77.62433991
12.98901429,77.68938549
12.99073076,77.72126924
12.9716239,77.68168151
12.89212017,77.5837373
12.939732,77.56661173
12.98528763,77.67337538
12.918965,77.670801
12.94833582,77.64539257
12.95035579,77.6251553
12.99631914,77.61718847
12.84031639,77.65007672
12.97977773,77.60569587
12.91624519,77.61120513
12.98556728,77.74486698
12.97514886,77.62042288
12.87265342,77.61828717
12.831956,77.647946
12.89248491,77.61036661
12.89060337,77.59748161
12.96216386,77.5938898
12.93106154,77.58616235
12.96174499,77.70146314
12.88690171,77.58207668
12.92788953,77.67230485
12.95858481,77.73193169
12.96215703,77.60668608
12.90928865,77.57357541
12.9043284,77.62767892
13.0103526,77.64886066
12.96389293,77.64793228
13.00916189,77.65800532
12.97005891,77.65494592
12.85168917,77.64333099
12.96610358,77.71807104
12.99519011,77.61420082
12.97876983,77.63681989
12.99408197,77.61034146
12.97186992,77.59516083
12.96223575,77.71318942
12.93854356,77.55504001
12.97537561,77.62259882
12.97284616,77.60741517
12.87940768,77.54575253
12.91865135,77.65167229
12.89907522,77.60301702
12.97314838,77.62000948
12.90436794,77.60093596
12.98489428,77.61835925
12.966386,77.641513
12.93279801,77.54070058
12.90200151,77.67725419
12.971953,77.642017
12.91364194,77.64486317
12.93344077,77.62344036
12.96181524,77.71685969
12.91044128,77.5885921
12.97047973,77.60673355
12.96918133,77.74971172
12.97197905,77.6008736
12.93136054,77.68474326
12.91052396,77.59942655
12.97014,77.640201
12.91306809,77.64453627
12.90622486,77.62978647
12.9262327,77.6169074
12.97855387,77.64559407
12.85059107,77.65758891
12.94165204,77.56002288
12.91649616,77.61508696
12.97204766,77.64226343
12.90727,77.607338
12.94161871,77.62155812
13.02079959,77.6770661
13.00299067,77.66106203
12.978306,77.629594
12.91362299,77.60776117
12.93042008,77.63299573
12.9750796,77.6045972
12.93573926,77.6285265
12.96503615,77.70182792
12.94555222,77.59696662
12.97376685,77.60673624
12.93457008,77.61932015
12.92915219,77.63488635
12.93485502,77.53684994
12.98245608,77.76691709
12.9215627,77.52052534
12.9835414,77.59442691
12.9369689,77.6247118
12.92945315,77.68341623
12.97724964,77.62271952
12.88098567,77.59859204
12.96995534,77.57983267
12.92910808,77.51432005
12.9118171,77.58686811
12.91581317,77.5860621
12.91022461,77.63506975
12.96339466,77.70914365
12.91315,77.60994
12.97546872,77.6032906
12.96998344,77.63868939
12.94384917,77.63022803
12.95175819,77.70004325
12.98213035,77.63961039
12.9608089,77.65723251
12.92796077,77.556016
12.97309022,77.61993337
12.93094749,77.6328291
12.97132495,77.63521392
12.926666,77.671365
12.94235425,77.58011967
12.91453409,77.63257898
12.84800152,77.65787255
12.96990166,77.63872703
12.96367115,77.64040361
12.98524646,77.60718014
12.9957703,77.6722445
12.91232877,77.62446973
12.93725382,77.61950891
12.90605884,77.64451381
12.97830884,77.63661504
12.96577031,77.59855282
12.94302051,77.57025953
12.8428387,77.64069937
12.976611,77.675611
12.92840224,77.60934401
12.96067592,77.64567118
12.93531936,77.63000239
12.92680724,77.67891079
12.91314521,77.56476335
12.97610941,77.6389261
12.90865269,77.52144501
12.918805,77.611004
12.9071592,77.61097245
12.89466775,77.66130477
12.937082,77.624835
12.96250732,77.64300804
12.83554396,77.69370932
12.91399096,77.61076659
12.96289019,77.71341506
12.978538,77.633114
12.924482,77.546833
12.9183445,77.63220146
12.98352604,77.75321838
12.91790954,77.60716606
13.00596343,77.75645748
12.9665486,77.6413173
12.9129511,77.6802559
12.970294,77.638891
12.96851,77.6403231
12.91479716,77.5135164
12.99227014,77.70309761
12.87740381,77.60314576
12.84955519,77.6638284
12.970439,77.747365
12.89137468,77.60133293
12.89960459,77.67559986
12.92195354,77.61653703
12.97524459,77.60323729
12.96634568,77.63724837
12.8760412,77.61563011
12.93948987,77.62603037
12.94087043,77.60757107
12.9073311,77.60540485
12.93324242,77.60733671
12.9884955,77.66390216
12.90806118,77.60643415
12.91654747,77.60231663
13.01843068,77.67209295
12.924933,77.607089
12.90920466,77.56534807
12.91722295,77.49993
12.894329,77.581815
12.98426995,77.74899758
12.95986856,77.71738239
12.91737687,77.58597527
12.913863,77.608944
12.93464687,77.62319528
12.91519683,77.50185113
12.9127488,77.65355922
12.922387,77.616498
12.97405829,77.62259178
12.93417894,77.58283574
12.93663329,77.60836098
12.86463632,77.59403899
12.95405488,77.70520918
12.90388525,77.66225662
12.97699872,77.57606819
12.9855748,77.6900899
12.95926671,77.65395653
12.96119902,77.73337908
12.86145137,77.60148246
12.96168487,77.59460494
12.92501812,77.63741937
12.97980779,77.72770889
12.919145,77.69673
12.97769723,77.57654328
12.89025661,77.59776022
12.91558408,77.64900316
12.95596207,77.71691937
12.94843679,77.70470928
12.98531278,77.67926887
12.98027073,77.73351386
12.84131768,77.64766239
12.91866704,77.47287557
12.92670201,77.55085643
12.90195707,77.6282499
12.9492396,77.5993769
12.9484247,77.7046952
13.01211465,77.66753722
12.89625675,77.58196
12.96932803,77.641383
12.981855,77.639427
12.982542,77.67374352
12.90690102,77.61120044
12.94892528,77.68626709
12.91886082,77.68502019
12.933871,77.607348
12.97162456,77.5768923
12.98579369,77.74490017
12.97175884,77.64455304
12.97877669,77.69770704
12.91576977,77.67293254
12.95754839,77.70908799
12.91441318,77.61009637
12.96630288,77.59500727
12.9728078,77.7541815
12.93427501,77.61632346
12.99546126,77.61414617
12.9121939,77.64152918
12.83828738,77.402656
12.99388204,77.66301032
12.88955949,77.58836143
12.93020114,77.67828248
12.951722,77.607934
12.93546379,77.60839652
12.93519225,77.69495308
12.96130063,77.64348853
12.90885923,77.68057644
12.923552,77.636582
12.94976209,77.70158283
12.91286645,77.69845136
12.96716086,77.70243041
12.907413,77.606209
12.919471,77.61806
12.95103706,77.71440245
12.9367174,77.6130175
12.913804,77.609538
12.97910242,77.64133841
12.88183283,77.62677267
12.90885596,77.61167854
12.96338486,77.55829185
12.982251,77.76712
12.94687328,77.57690404
12.97916057,77.72889912
12.97738751,77.7249955
12.94328943,77.58510992
12.94909682,77.59621996
13.00206976,77.66154684
12.95982118,77.64836814
12.819538,77.660348
12.87916385,77.64644176
12.95758238,77.64485277
12.94102368,77.60762304
12.92847119,77.59729721
12.96469636,77.71727744
12.98254266,77.64031213
12.91780496,77.62382023
12.92625759,77.67773431
12.91302135,77.65360482
12.89240647,77.61126515
12.96402493,77.71369133
12.90864223,77.65193649
12.90570295,77.70015255
12.93113343,77.58611206
12.95887789,77.6547109
12.91387789,77.60845385
12.91644,77.61709
12.9632326,77.70910643
12.995013,77.697377
12.97061303,77.75066391
12.985694,77.708306
12.906251,77.606085
12.92734839,77.66920523
12.87050699,77.58325819
12.909587,77.563279
12.920077,77.61296
12.96007603,77.57783845
12.90720168,77.59508505
12.96423403,77.71502171
12.90883341,77.57287972
12.9373329,77.61944622
12.99022046,77.73333047
13.01131039,77.65954088
12.97960669,77.64093815
12.93292577,77.58434281
12.97410566,77.61992767
12.95915006,77.65509881
12.91651022,77.60955825
13.01995486,77.70891532
12.92568965,77.67644651
13.01363397,77.66050983
12.97850029,77.63317443
13.00437056,77.7135485
12.85219408,77.65716646
12.89733754,77.65842844
12.87139799,77.65406147
12.9139707,77.61004876
12.864777,77.769233
13.00488,77.714057
12.85271577,77.67557379
12.95624405,77.65610598
12.88232178,77.75607962
12.88592154,77.59647578
12.91417919,77.50062536
12.90800562,77.64931228
12.956666,77.731046
12.973365,77.619562
12.97585294,77.60256909
12.91142364,77.6381325
12.9286068,77.59241156
12.97558503,77.60152068
12.9610591,77.5982552
12.91224913,77.63786998
12.90080865,77.65168335
12.881679,77.626227
12.9635672,77.6420435
12.97003506,77.63847347
13.021145,77.702313
12.95555103,77.69796822
12.98353127,77.75303096
12.93697516,77.62454478
12.91631512,77.59279411
12.91957214,77.66706633
12.90945074,77.60738399
12.97060519,77.57422149
12.87466844,77.65416373
12.850367,77.657596
12.85777706,77.58976422
13.078928,77.799331
12.87141662,77.57619325
12.985201,77.603501
13.004612,77.7181049
12.92595075,77.5646802
13.01997467,77.7201226
12.9367328,77.6125244
12.85105,77.65149459
12.86759798,77.69033432
12.93510958,77.61280775
12.97213813,77.63584895
12.97069896,77.60076396
12.92864242,77.73824662
12.9754514,77.62251433
12.92341492,77.55490322
12.96035931,77.59816423
12.93542817,77.49236215
12.91197,77.66479
12.93354533,77.62261055
12.95300048,77.70734053
12.9155965,77.58571979
12.91608604,77.64332157
12.87261289,77.61829186
12.8736137,77.60248091
13.00116028,77.62917593
12.82211604,77.68642969
12.96253046,77.64279485
12.9107422,77.6809421
12.93424919,77.6165035
12.90860008,77.56413136
12.9108382,77.6097173
12.91667198,77.61245102
12.90981807,77.63254713
12.85233236,77.66308194
12.92895286,77.54570492
12.91131318,77.65226807
12.83666108,77.66164105
12.92470114,77.58272611
12.9307145,77.58524638
12.93064458,77.68501114
12.91706347,77.63101995
12.91118638,77.63509087
12.89675058,77.57054854
13.00838898,77.65138865
13.00950881,77.64328234
12.94887333,77.57749345
12.95902688,77.70858608
12.96768134,77.60602277
12.93113866,77.58355021
12.9128155,77.6101619
12.89964421,77.6390297
12.87613696,77.61401609
13.0139234,77.66393133
12.96618787,77.58439142
12.93327019,77.62325563
12.90630329,77.58265302
12.89998867,77.67524622
12.98715276,77.6189832
12.92314336,77.58163344
12.96996,77.63872
12.95026463,77.7156936
12.85022889,77.66018193
12.91708145,77.50005137
12.92577004,77.56428793
12.90938636,77.59334262
12.91263475,77.61003133
12.92401489,77.55346086
12.93613105,77.61479259
12.93821385,77.55604483
12.96181165,77.74776243
12.92016961,77.66572304
12.967228,77.642183
12.90644447,77.5852209
12.91353541,77.67845012
12.90751836,77.56400127
12.91496089,77.64464021
13.01745658,77.70473409
12.97397203,77.67876461
12.92654,77.60156
12.8832379,77.6075362
12.96604836,77.64903769
12.92367765,77.55308535
12.91354652,77.60655586
12.9112783,77.484976
13.0203315,77.68422458
12.98245053,77.76708607
12.96566576,77.63999797
12.92197968,77.50706568
12.92311265,77.6136845
12.9198889,77.65212491
12.92604976,77.51570642
12.89935923,77.58591726
12.9799069,77.7525965
12.97258087,77.6788082
12.909786,77.603668
12.975286,77.673332
12.96715204,77.70235062
13.02375156,77.70750113
12.96424482,77.71501366
12.870296,77.767208
12.92875287,77.58163512
12.96988248,77.63097938
12.99062589,77.72311695
12.93810896,77.69918963
12.92493544,77.58478571
12.94170302,77.55727027
12.94619625,77.55617492
12.91702753,77.62990851
12.94064693,77.56435096
12.91656414,77.59679832
12.93172325,77.68610984
12.99507838,77.61455186
13.00871925,77.66657632
12.96125424,77.70115972
12.90752489,77.49080546
12.91579389,77.65138898
12.90833112,77.64918588
12.97991037,77.60726262
12.98762876,77.6119756
12.93038054,77.57626835
12.9267445,77.58636151
12.96810379,77.65157405
12.8251854,77.6859757
12.98753141,77.61861641
12.88348499,77.75158156
12.95694981,77.70295948
12.98416605,77.60069959
12.93379008,77.57381413
12.95887789,77.71859977
12.90777686,77.61085577
12.91055239,77.63256591
12.91096122,77.52099909
12.924891,77.55103614
12.90336627,77.60188177
12.93914905,77.57142965
12.9754692,77.64128929
12.9217408,77.66545013
12.90597289,77.56307188
12.97792326,77.76984739
12.97907955,77.72746447
12.97274292,77.67820571
12.89977526,77.65028995
12.92482205,77.55081519
12.82012218,77.69091401
12.91630564,77.63747368
12.93670159,77.62965068
12.96773786,77.65307643
12.97040425,77.71268718
12.92555404,77.60879349
12.9632741,77.57743444
12.86662101,77.58090891
12.92076012,77.6132939
12.86041,77.58977
12.87876773,77.61016913
12.9285712,77.7385819
12.842794,77.64593
12.85027138,77.65622064
12.90622094,77.59332553
12.97169742,77.65191637
12.95249827,77.70023268
12.95552032,77.58583747
12.92429429,77.60929339
12.9761754,77.60232266
13.01318677,77.6675979
12.94381845,77.57287301
12.91723896,77.57934015
12.90343392,77.52407927
12.9474549,77.57991884
12.91645597,77.50018246
12.8508444,77.65715104
13.01385807,77.66395614
12.91500795,77.65173163
12.89872553,77.65849449
12.92350348,77.56984748
12.93443578,77.697354
12.96965083,77.75007784
12.90923701,77.56323986
12.93471484,77.61155147
12.9669274,77.650053
12.9812734,77.63681352
12.94067013,77.69616209
12.972435,77.653551
12.92854994,77.59307072
12.90925532,77.56344605
12.92139441,77.67604049
12.96565237,77.59096317
12.90828438,77.65053838
12.9126939,77.65245382
12.91477559,77.63538558
12.9513161,77.69990712
12.90337248,77.60290939
12.913952,77.610959
12.93983427,77.56665934
12.94100081,77.61727463
12.91110566,77.62929428
12.80692905,77.69834239
12.91699942,77.63126504
12.93644279,77.5769731
12.73182476,77.70640679
12.90793503,77.56417025
12.91951342,77.64891163
12.851776,77.66388807
12.88351702,77.60660782
12.97478229,77.7506106
12.93986205,77.55345751
12.93390216,77.61642102
12.97110115,77.73078002
12.85008081,77.65075061
12.97247436,77.67859932
12.98248941,77.76708875
12.9073324,77.60533813
12.96489109,77.71830775
12.91665237,77.60576762
12.91344684,77.61346187
12.91269488,77.65353173
12.90867884,77.64312509
12.89876017,77.65850052
12.90875858,77.63770234
12.97633843,77.66609319
12.91381089,77.61171207
12.44156326,77.67358325
12.9308,77.6068
12.93604936,77.61470005
12.830826,77.655014
12.93683491,77.57271778
12.95634324,77.7309336
12.90651147,77.63126738
12.98169649,77.66566303
12.939323,77.628373
12.90436,77.67593
12.88841232,77.65684627
12.90531993,77.56299578
12.912434,77.6812
12.92699808,77.67800655
12.90233061,77.67613772
12.9123939,77.68066797
13.00143077,77.66158942
12.92433122,77.48612098
12.92087449,77.64515553
12.93586604,77.60764316
12.91264979,77.69957956
12.90750806,77.60619086
12.910464,77.581986
12.8314235,77.7008218
12.84615332,77.65885256
12.926028,77.617806
12.91620826,77.64470089
12.91048932,77.56687157
12.94259866,77.54664537
12.91766575,77.5772021
12.943751,77.567674
12.90594969,77.60590408
12.9021708,77.58434583
12.94429748,77.59728681
12.89964748,77.62955211
12.95885208,77.71395419
12.97290138,77.56956182
12.90546079,77.62936067
12.90262932,77.52074964
12.96025574,77.58064874
12.827866,77.663442
12.93004919,77.6097839
12.90856772,77.65071373
12.96721151,77.68254586
12.9211127,77.6109667
12.97688731,77.57601488
12.94391321,77.61848599
12.90726878,77.6069703
13.01486974,77.66530629
12.88081015,77.59974372
12.85916429,77.54215099
12.81956838,77.5140183
12.973188,77.646751
12.964368,77.753934
12.88939477,77.60195956
12.91760175,77.60359802
12.88801064,77.64929015
12.8519195,77.66395479
12.8492829,77.6697135
12.9233708,77.5814705
12.92847054,77.59290978
12.9130803,77.6801206
12.97523969,77.69391406
12.9400251,77.69212369
12.926966,77.661923
12.89861316,77.6754688
12.979306,77.72857
12.9023695,77.58448597
12.96200965,77.6375461
12.84152689,77.64741998
12.92307441,77.66578775
12.95890664,77.71904837
12.98529024,77.60553863
12.97377764,77.62030318
12.92806958,77.63715852
12.99433679,77.66661923
12.97227636,77.60880288
12.94259474,77.74751097
12.9676988,77.7493209
12.85481659,77.66545381
12.92715493,77.63782237
12.85160537,77.65613012
12.99265596,77.70284772
12.97276318,77.66522046
12.91134194,77.60110158
12.91654504,77.60229808
12.98250047,77.76686953
12.89873174,77.62983575
12.91304227,77.67970942
12.96739382,77.60840993
12.972556,77.648639
12.95300407,77.70733986
12.90876707,77.63811909
12.96779667,77.70427309
12.98522327,77.67350681
12.93135041,77.57277478
12.98774474,77.68904451
13.00455,77.716353
12.91557689,77.64901791
12.91116252,77.62421016
13.0113509,77.67632481
12.91075141,77.56274801
13.00419285,77.72101644
12.918463,77.614143
13.005434,77.730775
12.894334,77.678026
12.92824049,77.63697848
12.948353,77.711723
12.98185298,77.76178066
12.99277292,77.66342741
12.96357535,77.70969585
12.9108501,77.60993075
12.99188039,77.72093598
12.95323083,77.69996278
12.93290225,77.61425916
12.91394521,77.61063684
12.91304521,77.67971881
12.98486879,77.73284264
12.98236545,77.63904417
12.89276934,77.70816351
12.90757424,77.66371205
12.93869747,77.54896715
13.00628357,77.65136551
12.9278026,77.67565358
12.91511906,77.61554025
13.00863987,77.65588738
12.92515961,77.61164334
12.97907,77.6417531
13.023585,77.707111
12.9029171,77.6761386
12.97782478,77.7086612
12.94070967,77.69600518
12.90687553,77.69560017
12.915238,77.717574
12.85022039,77.65729386
12.94778459,77.5945466
12.93615915,77.61672344
13.01533491,77.66666885
12.98631118,77.59550884
12.97328821,77.6033362
12.967453,77.641725
12.9837005,77.59366013
12.96465552,77.59971052
12.9696545,77.7482562
12.99562689,77.68635996
12.94847044,77.70434786
12.95631593,77.64129885
12.89722512,77.58597795
12.982293,77.639297
12.97254035,77.71785546
12.9353096,77.6076666
12.92636445,77.5645595
12.90571962,77.55824659
12.913606,77.6128
12.97459835,77.67879747
12.9056255,77.51256019
12.8845057,77.59615861
12.96450881,77.59967297
12.8305125,77.63955859
12.9254808,77.6105591
12.90262311,77.7059089
12.87463223,77.67864564
12.90620623,77.61129197
12.94159944,77.69756455
12.97467382,77.59940509
12.88103371,77.5985954
12.7836371,77.75712971
12.93621732,77.62229908
12.928115,77.67931949
12.92658633,77.61499107
12.89807223,77.67535049
12.89243915,77.62863312
12.918089,77.60829
12.92912605,77.51432005
12.96836909,77.64801577
12.9086906,77.60400038
12.97708105,77.57564507
12.94360475,77.62106996
12.91158344,77.63240598
12.96850469,77.64020048
12.912486,77.606404
13.01017718,77.7590666
12.90429441,77.58579925
12.91413834,77.58585826
12.9568295,77.7425947
12.97548832,77.62262095
12.9171417,77.5688637
12.98461266,77.67935604
13.002528,77.757083
12.99512215,77.66630072
12.968678,77.644152
12.92461389,77.48521272
12.91718929,77.49983009
13.054937,77.762861
12.91261678,77.61003569
12.9419458,77.70203646
13.02256647,77.69661672
12.91853861,77.65160356
12.98395108,77.5967668
12.90282508,77.52101518
12.97020288,77.63837874
12.93370697,77.61504763
12.92649157,77.67821006
12.91551023,77.60312464
12.93583141,77.61484858
12.93542817,77.56062336
12.93244509,77.58355055
13.01760619,77.6692431
12.86998304,77.65880462
12.89887293,77.65842207
12.9622876,77.59557517
12.98126458,77.74773393
12.93522198,77.62479253
12.97184052,77.59628568
12.90349798,77.5857275
12.96690708,77.64156288
12.93451322,77.6231879
12.91303377,77.65355386
12.93622476,77.61468304
12.90299665,77.51744986
12.96477967,77.64178164
12.99766,77.69714
12.8973846,77.70280123
12.8945733,77.58164283
12.97217,77.600923
12.9494411,77.5962438
12.93612386,77.62177169
12.95110469,77.70480987
12.95140988,77.70332359
12.87465308,77.65415266
12.93619379,77.62178812
12.91140305,77.56699864
13.01924863,77.6841753
12.88487469,77.58264095
12.894346,77.677617
12.9367442,77.6129773
12.92912736,77.54909456
12.762183,77.32906893
12.88511165,77.58239686
12.88458904,77.60296538
12.8764795,77.59634737
12.96062,77.73255
12.92299304,77.59710643
12.91682492,77.593119
12.92304729,77.55300052
13.0097688,77.7092453
12.90864354,77.60645393
12.90868589,77.6064016
12.9809824,77.7578181
12.95425779,77.72097118
12.91267854,77.64465462
12.97654949,77.57785052
12.98945043,77.72808809
12.916686,77.606264
12.89408209,77.61095267
12.92219242,77.59348612
12.90028836,77.46665619
12.81460537,77.69185714
12.92412698,77.65039355
12.84187731,77.64818206
12.85389481,77.58860987
12.92595794,77.67789155
12.90236362,77.58447826
12.98553004,77.60181941
13.0145718,77.7094189
12.91649028,77.59316258
12.9240028,77.56421115
12.9011786,77.64087942
12.92607035,77.67526064
12.90389668,77.51253102
12.979438,77.685
12.91226449,77.64147788
12.92492433,77.52688956
12.8413556,77.64494732
12.99484479,77.61627886
12.97278637,77.607099
13.00784769,77.69667137
12.90246624,77.5205354
12.95916117,77.65551522
12.97199375,77.60090712
12.968931,77.635949
12.97184313,77.58092534
12.9835329,77.60900706
12.91794875,77.6126904
12.98614881,77.60506589
12.9086987,77.6064145
12.967533,77.636711
12.9327814,77.6095264
12.91263737,77.54058056
12.90870988,77.64757421
12.89221005,77.58158516
12.9352933,77.6295698
12.9270229,77.6380959
12.91191841,77.55275846
12.915382,77.699063
12.9828775,77.7671266
12.9200536,77.59297013
12.9402065,77.6288829
12.84997654,77.66387802
12.93422795,77.61605859
12.98009333,77.61278596
12.95624111,77.5835301
12.97237177,77.57017169
12.90634643,77.59071641
12.95117168,77.57744081
12.91488899,77.51781765
12.91183116,77.60264184
12.98019526,77.58610938
12.96448692,77.71578245
12.92204896,77.61405833
12.93659212,77.70328403
12.97957484,77.6421649
12.91156318,77.60008335
12.91529977,77.52068762
12.97403313,77.61990387
12.90490923,77.67565686
12.97315423,77.60738995
12.96482084,77.75871422
12.91064357,77.59119987
13.00466,77.70999122
12.91180665,77.68202987
12.91392495,77.61087321
12.970595,77.642095
13.014544,77.709584
12.92369857,77.51415208
12.91263,77.546363
12.993149,77.662223
12.92678404,77.56474257
12.95688838,77.70240393
12.98021487,77.58611642
12.9236502,77.48625007
12.93613955,77.61474799
12.91702295,77.59691399
12.959835,77.730755
12.9825221,77.7669476
13.004622,77.710036
12.90663892,77.56339341
12.94174648,77.5704664
12.94847665,77.59815082
12.9067605,77.5635815
12.9839024,77.61738963
13.01061492,77.75968283
12.92405868,77.56411459
12.9139537,77.61021405
12.90525523,77.5856648
12.91903566,77.59237703
12.92967896,77.55232126
12.91504291,77.58725133
12.95583138,77.71787558
12.93738812,77.54907142
12.91909513,77.59178728
12.93325091,77.69678671
12.91543376,77.6056077
12.98647519,77.7086233
12.90550556,77.67577596
12.93617157,77.61671204
12.933811,77.618669
12.92474885,77.63663515
12.92316,77.61274
12.92458088,77.67430075
13.0009398,77.6297027
12.90479998,77.58037012
12.92335969,77.67132752
12.87629908,77.61459041
12.9245652,77.61502795
12.912544,77.652334
12.96996187,77.63881914
12.94858938,77.60043841
12.96893596,77.57526252
12.94110015,77.59326249
12.91863861,77.58602891
12.92654287,77.5506147
12.89214305,77.58157175
12.95986104,77.64473643
12.91533735,77.63217263
12.95156508,77.69798465
12.91397266,77.6061894
12.89122205,77.56011643
12.9166161,77.49984853
12.89910889,77.58589715
12.93689242,77.57581137
12.9601355,77.64485847
12.91447756,77.63289079
12.916688,77.606279
12.92457663,77.67429907
12.9990143,77.62438282
12.98427811,77.73368418
12.85064468,77.65750241
12.87618632,77.6146226
12.92661117,77.58488595
12.88005646,77.5441033
12.89244373,77.58177895
12.93745511,77.54925381
12.88796064,77.61055302
12.84881153,77.67204836
12.8943,77.6592
13.01923883,77.7084865
12.91701217,77.50007048
12.95790683,77.56570715
12.9193912,77.67096911
12.91353606,77.60627758
12.924237,77.614479
12.89378599,77.55433358
12.9851442,77.66760997
12.92529686,77.51724299
12.94149716,77.61625975
12.86592186,77.57990006
12.99227961,77.66405303
12.93007403,77.63321131
12.96016556,77.5877006
12.89551977,77.63442233
12.92203589,77.58806303
12.97095478,77.65044317
12.91071089,77.48457335
12.92745132,77.66941208
12.96901438,77.60950159
12.881444,77.758625
12.96014595,77.64722317
12.976934,77.725144
12.906022,77.607403
12.93356624,77.49152798
13.0487856,77.761025
12.9643314,77.60632552
12.971523,77.634606
12.9892,77.7279
12.91302691,77.6100501
12.88587873,77.54537601
12.98404256,77.60295566
12.96735592,77.7539067
12.9395464,77.57207371
12.90866021,77.64148023
12.93302903,77.62322947
12.91586447,77.65115798
12.89937459,77.6293895
12.98830732,77.72984829
13.0165479,77.7619719
12.96721869,77.59556182
12.916721,77.60366678
12.9230901,77.6128443
12.93294898,77.61039712
13.00314323,77.71271333
12.967461,77.70392
13.02072642,77.68540006
12.849009,77.654979
12.93155366,77.68472817
12.90739973,77.60618404
12.92049607,77.61059359
12.94360116,77.62113735
12.96447875,77.71567952
12.90933636,77.63913363
12.828286,77.670723
12.9090161,77.61400703
12.92455507,77.61505812
12.974569,77.75526
12.832784,77.646847
12.9352148,77.6949675
13.02262331,77.68990081
12.883967,77.68233
12.94440923,77.61738695
12.98952675,77.68811035
12.89812975,77.63838496
12.90358818,77.67622355
12.91177887,77.62434963
12.96883925,77.76706897
12.85016024,77.65692908
12.922315,77.676139
12.91718406,77.49981366
12.929627,77.534911
12.90557288,77.58548878
12.96412131,77.65658174
13.01649848,77.71727342
12.93971402,77.57987894
12.85083851,77.65716746
12.95820383,77.53503107
12.99665138,77.68686321
12.96710891,77.71865979
12.92292115,77.6141559
12.905467,77.60911837
12.84771092,77.6725677
12.87612258,77.56694902
12.9135597,77.6050041
12.9516301,77.7168617
12.97433632,77.57046405
12.90931349,77.61135031
12.95898833,77.64552534
12.914642,77.616253
12.926378,77.633553
12.99686406,77.6911772
12.9923566,77.663953
12.92300252,77.64984202
12.969886,77.650715
12.96512829,77.57527057
12.97845259,77.62944851
12.9715994,77.65199617
12.96422717,77.71502607
12.86540444,77.59909831
12.9171708,77.6056189
12.93881543,77.56363079
12.909182,77.608317
12.933168,77.610871
12.90665788,77.61125542
13.022155,77.706102
12.911875,77.606456
12.913052,77.679806
12.982351,77.639197
12.93662578,77.70070139
12.862158,77.654519
12.95000715,77.70080633
12.9403728,77.6182929
12.922251,77.610552
12.89029191,77.64593337
12.916823,77.605161
12.94690955,77.71460194
12.97520735,77.66633056
12.983204,77.706052
12.84416225,77.66561811
12.93472007,77.61680424
12.846472,77.682516
12.98873331,77.71848077
12.91327005,77.67876193
12.92601,77.615448
12.99078989,77.72157166
12.96032697,77.63740629
12.97843691,77.57952858
12.89198094,77.60148849
12.95919515,77.71632392
12.98550946,77.6054528
12.93568567,77.69493431
12.91417625,77.61314236
12.9685367,77.60127693
12.9684978,77.6407888
12.96812601,77.75599882
12.9747898,77.67872237
12.935462,77.607733
12.91299692,77.61482522
12.920203,77.676913
12.95874,77.732049
12.91520043,77.71756478
13.01177916,77.6732292
12.97240346,77.60864597
12.8987922,77.65834797
12.95753794,77.71517996
12.88180047,77.64770094
12.97404946,77.62252338
12.92176368,77.58512769
13.00723746,77.64069568
12.82188426,77.51457453
13.010127,77.758939
12.915463,77.717262
12.94765203,77.70521036
12.9180811,77.63055995
12.95973263,77.7478506
12.9634025,77.71074425
12.93739466,77.6935761
12.92139,77.611545
12.86212568,77.65450907
12.79789795,77.71757483
12.83926055,77.65925758
12.972333,77.6785
12.96790972,77.74860766
12.89977735,77.58549327
12.91554487,77.50046041
12.97913378,77.64239553
12.82394872,77.68478934
12.83859,77.622529
12.90590949,77.59013236
12.97409847,77.67176539
12.97763665,77.61896122
12.97751,77.713368
12.93635881,77.58080699
12.821793,77.6592496
12.91983073,77.51392644
12.977776,77.757143
12.99021948,77.73332812
12.94093546,77.6962563
12.980216,77.757187
12.890011,77.6397
12.96005479,77.71625351
12.99601859,77.69425403
12.87298844,77.58365516
12.9803139,77.7577114
12.94539276,77.59528086
12.87957699,77.60979429
12.9201012,77.6759124
12.91983,77.613
12.9136198,77.60409766
12.9163744,77.6056012
12.9230316,77.55579405
12.9714184,77.69415513
12.91193671,77.64112182
12.78641171,77.74583794
12.95540857,77.64106482
12.90892557,77.60264754
12.94130012,77.69662678
12.91772752,77.61258312
12.8366094,77.679414
12.97977022,77.75245294
12.87082698,77.65929177
12.913683,77.6663
12.91682949,77.60512792
12.88340296,77.56637435
12.97606661,77.5757869
12.91262854,77.65221309
12.907141,77.607164
12.838075,77.645586
12.9162,77.6058
12.827643,77.66355
12.97888744,77.57916782
12.98227443,77.76151713
12.8414,77.74735
12.9192891,77.616082
12.86161513,77.60013297
12.863547,77.771146
12.9837072,77.7530044
12.93554646,77.62866396
12.892077,77.6265803
12.78901661,77.70435054
12.83926316,77.65925355
12.8586972,77.58771703
12.879042,77.761739
12.97200453,77.60100402
12.914274,77.612181
12.91073246,77.55125709
12.80697743,77.698218
12.90334764,77.59180438
12.94271957,77.54646029
12.90948538,77.56557774
12.9152952,77.5009365
12.978708,77.63938
12.90919584,77.56535444
12.77682664,77.77638361
12.8251061,77.6858517
12.99300683,77.66378514
13.0000201,77.7514993
12.849032,77.655104
12.84921785,77.67417736
12.930908,77.6062125
12.92006439,77.53938027
12.97242437,77.65132058
12.97421054,77.69359924
12.96033154,77.63717294
12.97268966,77.64684465
12.91268116,77.64446452
12.98631151,77.59551253
12.97434547,77.60722574
12.91036546,77.48430144
12.90501764,77.50466444
12.969203,77.641463
12.91202037,77.6506782
12.95059039,77.6235899
12.93544554,77.60773902
12.95790944,77.70279653
12.929667,77.634028
12.91642067,77.58584987
12.9088499,77.6064627
12.853764,77.66420557
12.97463233,77.59941917
12.91101252,77.63513278
12.90826739,77.60631077
12.96025378,77.59813406
12.96463297,77.71643791
12.86236195,77.77231233
12.90923309,77.64007241
12.91739746,77.59325512
12.96580527,77.71430656
12.89127042,77.59631552
12.96030998,77.5981649
12.97361,77.620757
12.95153927,77.54610758
12.8811382,77.6493839
12.95490441,77.56524984
12.91444717,77.61002027
12.85079765,77.66401514
12.928869,77.635397
12.96032076,77.5981525
12.89397685,77.55618196
12.98509357,77.60700144
12.92487597,77.55100697
12.93726428,77.62463193
12.88485,77.67243
12.9186824,77.65173465
12.92729839,77.5854405
12.92096469,77.58368433
12.91055426,77.64426639
12.91396514,77.5861533
12.92408907,77.58602154
12.91485599,77.51968917
12.9194729,77.59505186
12.898582,77.7025
12.88676019,77.74366368
12.9672501,77.6016758
12.83529693,77.68111121
12.8824937,77.59545453
12.92455605,77.63670623
12.95761603,77.7006625
12.84897857,77.65505489
12.8934261,77.6117905
12.91311972,77.58596286
12.917914,77.671152
12.95841882,77.59287994
12.94608744,77.57013515
12.92314827,77.58961502
12.91282168,77.58612178
12.9715674,77.5963484
12.84759782,77.64999792
13.018156,77.705316
12.91393769,77.60621052
12.80899919,77.69649602
12.97290366,77.6358952
12.98023316,77.58612949
12.83729101,77.64549013
12.981469,77.752335
12.853054,77.675491
12.92958484,77.5728891
12.93333555,77.54587758
12.89355198,77.57828169
12.9344564,77.5371351
12.8832647,77.54905164
12.95813587,77.61586245
12.975068,77.596815
12.99076538,77.61942543
12.900537,77.651642
12.97135175,77.6276236
12.89876965,77.65838888
12.85346693,77.66350619
12.92644026,77.5780708
12.9119256,77.64243979
12.90552876,77.64632631
12.79672944,77.38363948
12.84899557,77.6551481
12.96808484,77.65201695
12.94220361,77.74368782
12.977426,77.665545
12.78368484,77.75710791
12.84022325,77.65340667
12.9826655,77.60945365
12.95890697,77.65526578
12.87610134,77.61733331
12.99223069,77.72141603
12.92872444,77.6093125
12.90337216,77.63133042
12.7924454,77.70635884
12.9840357,77.61419646
12.97081102,77.60667622
12.847212,77.680228
13.00534667,77.75262695
12.91681185,77.59322058
12.94826002,77.56890468
12.88570289,77.6493096
12.90474214,77.70447895
12.9243407,77.57805437
12.92434952,77.57801816
12.91653636,77.50014793
12.88767564,77.62540843
12.98216074,77.60305993
12.93467399,77.61143547
12.90915662,77.56533433
12.97906877,77.64173102
12.92288226,77.55639084
12.91567755,77.55679116
12.92374236,77.59715371
12.98009991,77.72724878
12.92302507,77.48456396
12.91882161,77.64925294
12.96675344,77.6483658
13.036415,77.737023
12.97982706,77.63917923
12.96223999,77.58955266
12.91576872,77.65154321
12.9271314,77.63774425
12.9716667,77.65071742
12.89462755,77.62030922
12.92081012,77.56935127
12.92042287,77.61080615
12.90828144,77.60639157
12.92239829,77.52070505
12.9782497,77.63307218
12.91899383,77.58367695
12.916954,77.52671421
12.94936868,77.59705078
12.83518252,77.69351341
12.92538607,77.61075217
12.94034598,77.56460074
12.94018293,77.69594885
12.91782228,77.48346962
12.90632323,77.63663046
12.91300491,77.6130965
12.95291323,77.70736936
12.8503227,77.65629675
12.98023186,77.75746062
12.98138024,77.64606815
12.89449519,77.62024149
12.91630957,77.60306228
12.90965532,77.64468312
12.91953662,77.64612414
12.94874361,77.71312337
12.90085015,77.55979121
13.0113558,77.66783092
12.97650735,77.6758286
12.9821627,77.76249748
12.94980718,77.70075504
12.935838,77.624899
13.02073524,77.67830528
13.01893296,77.70423988
12.89191885,77.57927947
12.9726155,77.64862262
12.956911,77.742816
12.89862945,77.67534412
12.91105664,77.57609501
12.98637848,77.60860506
12.9623576,77.6040922
12.9926171,77.7138672
12.9579529,77.56215155
12.94570448,77.62170229
12.9711074,77.7679142
12.91991929,77.61237994
12.964171,77.606451
12.94835935,77.70484239
12.93264802,77.5448161
12.96451045,77.59967264
12.89380429,77.61080984
12.80061944,77.71247026
12.90279828,77.58342717
12.96467545,77.71666624
12.90995598,77.69715853
12.87641478,77.59609826
12.833663,77.64728
13.017032,77.669372
12.98417716,77.61413477
12.99385264,77.71736965
12.9414171,77.62040041
12.9256501,77.6763966
12.99426851,77.70034432
12.99475299,77.68546779
12.93005409,77.60685761
12.87677496,77.58398373
12.99111952,77.68795822
12.98407523,77.67434131
12.88490345,77.60995623
12.92566906,77.51803827
12.92090162,77.60089472
12.94990716,77.70101387
12.95954639,77.70155232
12.90866903,77.60397021
12.95626039,77.71523125
12.91153279,77.62425475
12.93489816,77.70341579
12.93028284,77.68523511
12.93334862,77.61099726
12.979,77.64199
12.89297057,77.61988174
12.90644872,77.591796
12.95960749,77.70156842
12.95156671,77.69975457
12.8701056,77.6582554
12.9058742,77.60444127
12.9066801,77.61130203
12.925672,77.676496
12.88850743,77.62514357
12.84873112,77.66268242
12.90367315,77.67597478
12.91348442,77.60322824
12.96670279,77.71875132
12.93438742,77.68951725
12.8993991,77.62962084
12.85084244,77.65712991
12.96978152,77.75199194
12.911818,77.680847
12.91312528,77.61603981
12.91397723,77.60993712
12.93118637,77.56382223
12.9197399,77.61163
12.91200076,77.60054804
12.93468216,77.53655959
12.92365903,77.63669416
12.94349333,77.62818184
12.88196585,77.6256837
12.91255077,77.65250545
12.93735283,77.49257304
12.96144,77.734553
12.95169382,77.63968516
12.936469,77.608209
12.91794418,77.60542732
12.9826227,77.60807768
12.910108,77.614419
12.9282748,77.59717718
12.98370769,77.67671842
12.92490832,77.49876492
12.90259696,77.70591661
12.97996951,77.75239628
12.829622,77.690585
12.87035598,77.65724055
12.910043,77.698959
12.85843734,77.57136561
12.91840397,77.68565856
12.9308109,77.58102156
13.0271984,77.6965096
12.89909026,77.62983106
12.9792852,77.7289031
12.896007,77.620628
12.92644419,77.61633217
12.89163876,77.57495441
12.95282665,77.63993394
12.912769,77.606276
12.92225516,77.54998606
12.95443782,77.5897887
12.90566472,77.55827475
12.9209099,77.6332695
12.98630824,77.73238868
12.95828682,77.71575227
12.990989,77.706297
12.9199865,77.6002883
12.9721643,77.73439497
12.92088136,77.63331894
13.02343733,77.70654224
12.92509622,77.49884203
12.84917928,77.68049967
12.90728796,77.60714628
12.96022339,77.55956925
12.92146271,77.60483589
12.93477497,77.61333983
12.910065,77.680958
12.89969683,77.62935631
12.9219689,77.51819048
12.86319682,77.43318122
12.96818482,77.5832431
12.95089884,77.70398911
12.90626637,77.62892347
12.75677676,77.7050744
12.921275,77.638173
12.9251659,77.6095235
12.92190583,77.61422127
12.96916173,77.74233766
13.00798032,77.64181014
12.9148818,77.59868827
12.90748535,77.60121759
12.82577387,77.50640586
12.941151,77.623018
12.9554798,77.72001397
12.95667567,77.59239346
12.88596664,77.65607379
12.852804,77.663806
12.98428171,77.60905299
13.0072502,77.65906379
12.9086004,77.56413069
12.92122684,77.61347339
12.97270404,77.62067903
12.93416358,77.53630579
12.87762411,77.65500762
12.9011567,77.6408945
12.972116,77.711877
12.92287148,77.59342209
12.91923304,77.61301897
12.86644254,77.60074016
12.90572681,77.52105944
12.99704079,77.6966583
12.936443,77.614404
12.92096763,77.62013454
12.78836236,77.70449169
12.97786386,77.6581401
12.85285,77.675583
12.96080857,77.65723016
12.9691141,77.7352666
12.91023245,77.60041963
12.967169,77.641344
12.96364265,77.57771239
12.98451889,77.74955649
12.96880364,77.61442143
13.00510232,77.63624556
13.014457,77.701045
12.85093298,77.65302848
13.0141775,77.7042295
12.9788221,77.69767888
12.7837123,77.75704186
12.95398855,77.59125318
12.84033472,77.64747731
12.92007517,77.61238262
12.93772828,77.70083752
12.9980153,77.75636729
12.93961371,77.57540166
12.91619722,77.62178889
12.88248071,77.75596026
12.9566554,77.7455626
13.01054076,77.64812406
12.98916196,77.60223817
12.97637437,77.57846911
13.01653768,77.71579284
12.92227281,77.61982173
12.98407,77.60318667
12.92438547,77.60977887
12.90180085,77.55829185
12.916306,77.615135
12.976909,77.726343
12.92671051,77.61583395
12.8873413,77.58211154
12.846399,77.652138
12.903313,77.704917
12.90705299,77.64139138
12.95067339,77.5954894
12.84159782,77.64711991
12.89715518,77.61098217
12.84992816,77.66389143
12.88993082,77.60017176
12.90558105,77.57882752
12.95733471,77.71443497
12.91666512,77.50030819
12.90545883,77.62779158
12.825081,77.686127
12.87679817,77.60153007
12.93663068,77.55994074
12.91636839,77.59282529
12.90374897,77.52107453
12.82174957,77.6867814
12.98524091,77.66750269
12.95274757,77.63994031
12.95634828,77.71517862
13.0212984,77.67853059
12.914639,77.612472
12.90889224,77.64668304
12.90992436,77.6492356
12.94820839,77.71562085
12.941621,77.55370092
12.89778375,77.71687711
12.924587,77.638085
12.95673931,77.74393196
12.878838,77.610471
12.88743248,77.47197032
12.9505845,77.7033947
12.89963735,77.65854914
12.90670265,77.56346785
12.95003198,77.70030677
12.90675723,77.52088275
12.92396196,77.48515472
12.97307846,77.62928791
12.92499067,77.55065996
12.9172053,77.64313817
12.83904447,77.65786115
12.9123524,77.6807065
13.006208,77.751598
12.93710852,77.70211458
12.97187842,77.59516753
12.90560458,77.60525465
12.91399553,77.48705674
12.89742284,77.63508249
12.92341002,77.5547396
12.97508777,77.615267
12.90196229,77.51981221
12.92452337,77.67295763
12.941538,77.57125396
13.02096652,77.67967589
12.89753559,77.62158796
12.94323127,77.54322656
13.01975952,77.67518755
12.931746,77.684078
12.958929,77.742194
12.821879,77.659678
13.01416448,77.67862447
12.93531577,77.62913536
12.994144,77.699408
13.0044967,77.7151051
12.94225328,77.57101189
12.9704099,77.6428314
12.81786676,77.68974256
12.9615,77.61418
13.02238191,77.69688964
12.98103327,77.64610939
12.9474634,77.57389326
12.92549979,77.58384224
12.9606207,77.71489128
12.94887169,77.70922244
12.92520679,77.73180187
12.96597975,77.59847436
12.94428245,77.57206298
12.91716021,77.4998083
12.90881969,77.64751285
12.93727506,77.63099279
12.90928146,77.64016327
12.84902237,77.67300088
12.93195003,77.59261105
12.92919729,77.58165155
12.90046974,77.46620692
12.90637127,77.57801481
12.9508629,77.57774055
12.97209275,77.67980699
12.94027344,77.56468859
12.96858996,77.64909636
12.88201,77.6099
12.92592101,77.63357576
12.846874,77.681463
12.96361129,77.57752731
12.77966902,77.64335644
12.92402502,77.57658586
12.93628234,77.62017343
12.8558191,77.5944601
12.93423743,77.61130303
12.90733273,77.60495894
12.926208,77.633592
12.98032889,77.66556479
12.94297019,77.61754587
12.92736374,77.547561
12.93739041,77.69357845
12.93949803,77.69479148
12.8468826,77.68091306
12.90846315,77.572929
12.91020925,77.61161786
12.85785453,77.58908998
12.91674158,77.59656865
12.96870791,77.6494769
12.92629354,77.56112594
12.94527219,77.57116076
12.98578258,77.59600908
12.92599846,77.51803357
12.9076762,77.56370422
12.90268062,77.51899514
12.916804,77.50014625
12.97297554,77.63581641
12.96651656,77.63726782
12.77893496,77.64353145
12.98530756,77.6648007
12.91413115,77.67808132
12.91230338,77.63425503
12.95078056,77.70456243
12.97140533,77.60668393
12.91152037,77.63507679
12.93445016,77.5365207
12.91694,77.605261
12.91158279,77.57837556
12.90915989,77.68843833
12.88792632,77.58175716
12.94548033,77.71597624
12.91726609,77.59327993
12.97785634,77.66657632
12.91666021,77.59328395
12.979272,77.7125115
13.0091601,77.6567536
12.92785979,77.56190512
12.98263348,77.60904595
12.9122488,77.56719109
12.98597762,77.67060868
12.91256711,77.71363467
12.93379693,77.63106871
12.92968157,77.54649416
12.97537397,77.62552209
12.9248348,77.6151017
13.004604,77.714037
12.83291677,77.68470772
12.90572942,77.56300751
12.9844872,77.73333851
12.85458582,77.6438513
12.94993624,77.59297986
12.91352756,77.58587502
12.96507961,77.71750342
12.942381,77.62791
12.93076679,77.58215848
12.9093577,77.6066025
12.97989404,77.63966035
13.00843864,77.69353017
13.0236853,77.7068748
12.95422936,77.72090882
12.92892247,77.67100532
12.96138101,77.60174297
12.86415387,77.77003415
12.94803227,77.70830344
12.9349243,77.5365958
12.91641904,77.61057749
12.91679714,77.50037558
12.93835828,77.63006005
12.82469768,77.68415987
13.00802899,77.65207965
13.00449927,77.70539325
12.97217083,77.65289839
12.984696,77.675522
12.92728205,77.67267399
12.92211497,77.63903908
12.89463965,77.66137216
12.937323,77.62432
12.92510144,77.61575248
12.91503147,77.50059754
12.92861955,77.56615374
12.91419782,77.67755929
12.9905122,77.69331191
12.92395183,77.67418776
12.95955031,77.64591325
12.9282015,77.637085
12.9698066,77.7499632
12.96231318,77.595594
12.97709151,77.57579427
13.022435,77.696831
12.96734056,77.6084106
12.91546873,77.50053249
12.91872063,77.59209238
12.96292156,77.71329671
12.9377492,77.69391876
12.93428645,77.51743041
12.93636847,77.62972732
12.931521,77.607375
12.98360086,77.75197383
12.918903,77.60522747
12.909193,77.60829
12.92446978,77.63884127
12.90808863,77.59187814
12.92324859,77.61371668
12.88978957,77.63973847
12.88473481,77.64926836
12.99204341,77.66376805
12.96119281,77.5887138
12.88566504,77.61495391
12.9386906,77.55217239
12.88924918,77.62564047
12.89298527,77.62000479
12.92698435,77.61552818
12.91212691,77.58639805
12.95953921,77.70099442
12.89027655,77.64600109
12.83475657,77.69573428
12.9439204,77.56426647
12.92038758,77.59475347
12.98908453,77.60709699
12.99101661,77.70948596
12.90829223,77.64918454
12.89555997,77.46027723
12.96732586,77.71622803
12.939093,77.609875
12.846885,77.68152
12.8912665,77.56138947
12.93367898,77.61855271
12.957712,77.714524
13.02100179,77.67971311
12.93663035,77.62494307
12.95907753,77.56737717
13.051481,77.757133
13.02077706,77.67325368
12.9087308,77.60384213
12.9136658,77.6662999
12.916944,77.605227
12.93172456,77.68626608
12.9114977,77.6809508
12.93870694,77.69493565
12.9069788,77.56211769
12.95081944,77.7045631
12.95678644,77.71524232
12.90868047,77.64757656
12.95567552,77.6979119
12.8410931,77.64525544
12.926172,77.676143
12.927417,77.606935
12.98966279,77.71815319
12.95852632,77.71594338
12.91333606,77.62635861
13.00062616,77.71453388
12.96746145,77.71810122
12.96145191,77.60156259
12.821845,77.659823
12.847505,77.682489
12.9136183,77.6040941
12.864711,77.657825
12.9575876,77.74399862
12.92626609,77.67667383
12.88246886,77.57563334
12.92087351,77.64553506
12.958332,77.641566
12.95023881,77.709377
12.9282614,77.6370053
12.98231658,77.76158955
12.85299441,77.67547581
12.92498544,77.63740998
12.93941667,77.62610078
12.918885,77.612876
12.83860022,77.64987588
12.9823961,77.749723
12.90903538,77.61397082
12.918003,77.635951
12.90872524,77.60400876
12.923274,77.615113
12.95634763,77.59134773
13.02017329,77.68170266
12.90652225,77.56619733
12.98275992,77.76686478
12.96961881,77.73556843
12.968243,77.638374
12.99586014,77.67213821
13.01197418,77.67713349
12.9185824,77.60018561
12.9706212,77.75165398
12.941962,77.623194
12.89820851,77.67549567
12.9557836,77.7261199
12.92432928,77.63670908
12.94087403,77.62435835
12.97259099,77.6501327
12.84957415,77.67989181
12.95637475,77.69571852
12.94471246,77.57204186
12.91949185,77.6488724
12.91046415,77.6325649
12.9037372,77.5138215
12.92415378,77.56041616
12.93392929,77.61644248
12.96512012,77.60220699
12.44144277,77.67354168
12.9485603,77.69905787
12.88411153,77.62494776
12.92851302,77.59648584
12.93382929,77.57374741
12.9647042,77.59486746
12.91383622,77.60898317
12.90662781,77.6282328
12.88974872,77.64896225
12.89683228,77.57117383
12.85107681,77.65149426
12.98003256,77.75240902
13.00956696,77.65775688
12.93566475,77.62858585
12.96287483,77.71756779
12.92631021,77.67686896
12.97550629,77.69685846
12.9303678,77.56686252
12.97908968,77.75134955
12.94875145,77.62746502
12.95998879,77.74732623
12.97788901,77.71365076
12.9127426,77.58600444
12.95912,77.56947465
12.90841707,77.54820172
12.96725692,77.71458082
12.97231492,77.65391193
12.90866086,77.68036153
12.85851023,77.78322089
12.87619024,77.59901751
12.92776339,77.56199263
13.01540286,77.76195131
12.92224758,77.61113145
12.909044,77.613365
12.93099488,77.58614458
12.93133537,77.63304904
12.93259508,77.51600347
12.8829748,77.54672214
12.93270618,77.61401508
12.90730659,77.57161506
12.94205821,77.55117629
12.94691282,77.56882455
13.014999,77.717622
12.98527521,77.6034911
13.01319036,77.66759086
12.937491,77.611637
12.9309742,77.6331446
13.024346,77.706982
12.98527456,77.60349009
13.07015626,77.78835297
12.91650752,77.61612924
12.90845465,77.5870391
12.914171,77.610226
12.91602395,77.61867642
12.90629218,77.63575271
12.93207029,77.54482716
12.95006106,77.70135786
13.017326,77.708961
12.9188386,77.64705855
12.98527227,77.60349177
12.9610957,77.7173251
12.963694,77.577583
12.82128077,77.65998714
12.86034918,77.58978199
12.91047004,77.56687492
12.98527358,77.60349344
12.90922819,77.61116624
12.95650446,77.61973992
12.89228097,77.63825655
12.90008116,77.46629544
12.95193888,77.70218432
12.92847217,77.59468272
12.96441079,77.7155387
12.80021816,77.70558666
12.80707224,77.69837793
13.010091,77.7080301
12.85188387,77.66793888
13.02599728,77.69202411
12.95244926,77.70700894
12.89459749,77.58161902
12.94251861,77.70090289
12.96811817,77.6520649
12.9853043,77.6732189
12.905134,77.6320831
12.899032,77.639202
12.80789416,77.69830551
12.91048245,77.56694466
12.85481594,77.66552053
12.93175855,77.74152394
12.90488299,77.50485655
12.9039768,77.5846564
12.86338281,77.77024269
12.7994176,77.71520577
12.94505065,77.57103872
12.940131,77.625494
12.99276671,77.66391121
12.98551861,77.60204639
13.01450943,77.70934045
12.96950446,77.60797039
12.905704,77.611428
12.94886451,77.7090387
12.96591081,77.59892162
12.95346609,77.54397757
12.97647863,77.66594238
12.94533721,77.59496067
13.01953,77.708368
12.92773856,77.56194636
12.8581425,77.61128426
12.88732332,77.58223157
12.91998792,77.57433817
12.98901723,77.71848042
12.94431872,77.57273588
12.95788363,77.59328764
12.97703564,77.62703922
12.98232507,77.63906322
12.96103794,77.63585798
12.82192872,77.6926893
12.90423362,77.52680305
12.90646474,77.59046059
13.0014746,77.6343764
12.85102908,77.65224729
12.88119517,77.59561915
12.97978026,77.73359167
12.92135454,77.61092518
12.95747063,77.71446515
12.936981,77.624429
12.984245,77.733415
12.94884588,77.57435326
12.95051916,77.5793606
12.99216788,77.71978766
12.88713735,77.62559183
12.95569447,77.72809714
12.88071635,77.54603483
12.82005156,77.66172253
12.90030078,77.56998997
13.07256941,77.78268643
12.78364822,77.75707103
12.9107769,77.56453101
12.91827914,77.59376574
12.93116055,77.57351942
12.903639,77.581778
12.98391286,77.60879349
12.96374623,77.61475101
12.91665989,77.50031624
12.94709482,77.56779257
12.9241858,77.56626908
12.91210175,77.57261418
12.9174968,77.61257373
12.9497278,77.6047728
13.02306461,77.69594617
12.91221286,77.56722763
12.8227241,77.68587749
12.90871871,77.60397356
12.90823863,77.53426898
12.97291412,77.599965
12.89894907,77.62983609
12.9808758,77.69354928
12.865017,77.77022
12.95111286,77.62289688
12.9054451,77.59502605
12.92755425,77.63761416
12.86363907,77.77043045
13.00636328,77.75017843
12.904479,77.691395
12.91465011,77.48154111
12.95318509,77.5776289
13.00993436,77.70847678
12.9678872,77.7348691
12.95344158,77.69813016
12.879003,77.5997292
12.931131,77.607418
12.95302465,77.6998622
12.914485,77.678938
12.97217475,77.60773268
12.84237419,77.64482662
13.00769252,77.66697764
12.87866118,77.63686415
12.90681017,77.63387617
12.95800615,77.55920179
12.82453946,77.68414613
12.99679708,77.61966281
12.9011018,77.60310017
12.96773296,77.71855585
12.97037485,77.64721882
12.90603433,77.60593895
12.883669,77.672861
12.93632482,77.61462763
12.96421149,77.715014
12.98068206,77.64083013
12.95095504,77.70870108
12.95765262,77.71460261
12.95103412,77.71407623
12.993168,77.669027
12.99095879,77.61947874
12.846268,77.650607
12.83284911,77.65551824
12.92730786,77.67217074
12.84433061,77.6441782
12.96249615,77.64278311
12.90718011,77.60738567
13.02104034,77.70234726
12.93884189,77.69642159
12.93539942,77.61325266
12.95954835,77.64591124
12.95402645,77.71519605
12.96708689,77.6370666
13.00846,77.693541
12.98688356,77.73681298
12.87968484,77.76078857
12.90857883,77.64304563
12.95086552,77.57789679
12.98277233,77.7669134
12.85223167,77.65712991
12.89382291,77.67924243
12.96222529,77.59401351
12.91155272,77.68089261
12.94093415,77.61733364
12.9204464,77.59322427
12.96112583,77.58860182
12.83534728,77.69377124
12.92325708,77.6177809
12.97185326,77.64983766
12.97313759,77.63586201
12.93528677,77.6113695
12.94435896,77.62170265
13.011972,77.698043
12.93472595,77.62381956
12.88329608,77.60886658
12.92528869,77.57370114
12.99163995,77.69017406
12.96816718,77.74855234
12.97516128,77.6662454
12.923474,77.617914
12.92490333,77.63730555
12.87262074,77.61829186
12.97877212,77.57955574
12.95618262,77.71515649
13.00193648,77.72317193
12.97556085,77.69372463
12.825908,77.680912
12.94873184,77.59987079
12.9042748,77.63419066
12.90996774,77.69717496
12.92238558,77.60325609
12.95951993,77.70103768
12.92630302,77.60233842
12.95971009,77.7028304
12.91634715,77.60581993
12.9781347,77.6377382
12.99714305,77.61750061
12.9354106,77.5601279
13.01752093,77.70897802
12.89811929,77.62995813
12.91660597,77.50023443
13.00982176,77.66760025
12.90535065,77.62767121
12.96438727,77.717949
12.92319794,77.61298142
12.91119488,77.62425039
12.94780877,77.71550786
12.89217802,77.59827789
12.96074061,77.71364506
12.910025,77.680778
12.95765328,77.714439
12.88080394,77.6751215
12.90102173,77.56012481
12.85032826,77.65623607
12.9108097,77.6097611
12.81849543,77.5117686
12.916586,77.604236
12.95247311,77.70039126
12.90998866,77.56442908
12.92928558,77.63477543
12.973995,77.714592
12.92320284,77.61285167
12.96719354,77.57822603
12.95524945,77.70034432
12.89507628,77.6352622
12.89969094,77.63731945
12.91305142,77.56599382
12.99285226,77.70283391
12.9827619,77.7669522
12.91374586,77.60721266
12.85302238,77.67549098
12.91882092,77.61264208
12.8216193,77.707275
12.91944708,77.67087758
12.95764184,77.63706699
12.983179,77.706005
12.91830267,77.60553125
12.915196,77.6998
12.90650559,77.63057303
12.90038706,77.58565508
12.8498481,77.6544856
13.004433,77.715845
12.8993429,77.7113578
12.94307442,77.61727631
12.90804484,77.5706394
12.94910238,77.60290939
12.82366496,77.68529277
12.91700138,77.6292688
13.0241981,77.70704951
12.95637703,77.69571751
12.77959741,77.76828669
12.800893,77.690535
12.93594185,77.6148764
12.93682184,77.62480795
13.07338,77.788384
12.95204736,77.70022128
12.92335349,77.67123431
12.9350256,77.60746848
12.97148603,77.65857227
13.02099069,77.70243745
12.97631393,77.57572554
12.8427937,77.64592967
12.847311,77.68013
12.82083911,77.66488016
13.004468,77.719078
12.9300733,77.633251
12.82122258,77.68601026
12.80574881,77.70024441
12.95580818,77.54618168
12.78689562,77.74341557
12.80651318,77.69810032
12.92620108,77.67785905
12.899323,77.71362
12.93521055,77.60775045
12.89009058,77.58192949
12.99279873,77.60942951
13.00179241,77.72315852
13.01658505,77.66872745
12.9787036,77.6454428
12.91559846,77.5505691
12.95624144,77.56746031
12.956771,77.732894
12.83907258,77.65765563
12.883656,77.566494
12.9852292,77.6035021
12.84171158,77.64680877
12.99379644,77.66652871
12.90647454,77.49998532
12.87017883,77.65817799
12.95713834,77.74332874
13.00020637,77.7515829
13.06731,77.777473
12.91886148,77.48312328
12.98127961,77.6800048
12.970156,77.643331
12.96919571,77.69368541
12.93018448,77.57629115
12.895907,77.608741
12.93636992,77.61453141
12.98247176,77.76704852
12.90787588,77.64908999
12.876994,77.610016
12.9701419,77.60930445
12.90591243,77.58032788
12.87607617,77.61464708
12.91931343,77.51371823
12.96412327,77.58653551
12.9434368,77.55846184
13.02360196,77.67796967
12.835324,77.657133
12.9270832,77.6764661
12.85265105,77.67563045
12.98716812,77.5984747
12.95714651,77.71451678
12.99061772,77.68694166
12.8320455,77.6659608
12.963005,77.605636
12.9361008,77.6146635
12.97515377,77.62042724
12.98527423,77.60349344
12.90298096,77.52024237
12.89943962,77.62920644
12.83907585,77.65805762
12.92493936,77.58478168
12.92671214,77.52011094
12.82468493,77.6839691
12.95097596,77.71567181
12.92623407,77.51572251
12.93426161,77.61629295
12.95836851,77.53538344
12.97267659,77.63811976
12.91525827,77.59529561
12.96350379,77.57827666
12.93265455,77.56787974
12.9061989,77.6412948
12.980109,77.639402
12.94161904,77.56016973
12.91342495,77.62568571
12.89054422,77.64486618
12.90986578,77.48108748
12.90885498,77.64679603
12.9308956,77.6095433
12.8916966,77.60849074
12.96359528,77.710356
12.95800158,77.53408525
12.90870596,77.60391723
12.94724415,77.59805661
12.98320064,77.6576801
12.926304,77.56102368
12.91120599,77.59894509
12.91038115,77.58867558
12.93551411,77.60855712
12.86412707,77.76981018
12.93575494,77.60788489
12.83555224,77.69148365
12.93645128,77.61440165
12.91806476,77.67140966
12.9000439,77.64545426
12.93681988,77.57604841
12.99779152,77.69659359
12.90874943,77.60385923
12.93939282,77.72230256
12.90935597,77.5733595
12.88103731,77.54552856
12.90654742,77.63650943
12.95239992,77.5775709
12.91755236,77.57320661
12.99084967,77.61951093
12.95954933,77.64591224
12.93734074,77.62451626
12.9770474,77.67384075
12.92280678,77.61452772
12.91072592,77.69758098
12.90201295,77.51973711
12.99773435,77.62081649
12.93700482,77.62465339
12.958265,77.592577
12.92637066,77.56130967
13.02205036,77.71257486
12.9704964,77.6475387
12.96678872,77.76328538
12.993925,77.701629
12.8758732,77.61731084
12.930803,77.612369
13.00910113,77.64986616
12.99771867,77.62113802
12.94250489,77.74792705
12.8612376,77.58966867
12.93020474,77.63317477
12.94392857,77.62051441
12.9188386,77.67079208
12.91034618,77.60647472
12.90886054,77.6805741
12.9724688,77.62058582
12.98228129,77.76156172
12.93626829,77.6201912
12.906543,77.622848
12.90340157,77.60196459
12.85373889,77.5885227
12.91435501,77.56544866
12.9856751,77.67169263
12.90666834,77.61120714
12.92616904,77.67624199
12.98169747,77.60447379
12.90833635,77.63243012
12.95796695,77.58257188
12.97136645,77.71180239
12.98428988,77.73378342
12.92449723,77.67186664
12.92670986,77.60889944
12.88954151,77.58837048
12.97857321,77.74136423
12.987227,77.736474
12.98002374,77.7523765
12.91106056,77.68380649
12.92916788,77.63489172
12.88599671,77.64930423
12.96228574,77.61497397
13.023225,77.69581877
12.9964031,77.69540269
12.99232894,77.716051
13.00161796,77.63134751
12.90179464,77.55829219
12.91890396,77.68513553
12.93893927,77.69543789
12.922222,77.667985
12.92736995,77.66920757
13.02401419,77.69444983
12.97627309,77.63289548
12.92835322,77.54578974
12.92906429,77.67658833
12.94311658,77.54157498
12.92249208,77.58948594
12.87119992,77.57974416
12.9165757,77.6101163
12.92752386,77.55152665
12.96800904,77.75659259
12.98720079,77.73697391
12.93927714,77.72126388
12.90702194,77.56203823
13.02360163,77.706559
12.95840641,77.69979849
12.90768307,77.60112405
12.87429714,77.64707498
12.96953517,77.75015932
12.90967428,77.64465127
12.94820512,77.53509846
12.93831646,77.55033039
12.92057516,77.59173866
12.94968791,77.70169046
12.90323686,77.57491183
12.9700683,77.654746
12.8549644,77.6671138
12.97509169,77.60741215
12.90529575,77.56313458
12.90449507,77.58030843
12.92182296,77.6339135
12.91676446,77.61858959
12.92800423,77.60913312
12.9110671,77.57612016
12.9615483,77.70529803
12.91397135,77.64469352
12.89334282,77.6785476
12.92227444,77.59359475
12.8981085,77.658352
12.91563,77.61019
12.8995151,77.6238434
13.0001796,77.7513459
12.91829025,77.63213977
12.96792344,77.70436026
12.92748689,77.63768641
12.9107972,77.606426
12.992624,77.721621
12.92701964,77.59206086
12.98230057,77.76704147
12.9080532,77.6001461
12.95820089,77.64145978
12.90869158,77.60398664
12.96219588,77.6378455
12.94345967,77.55957697
12.9072275,77.60616895
12.96522664,77.60271862
12.9693764,77.7352704
12.88957256,77.6398984
12.90667487,77.61123665
12.91678766,77.60480974
13.00833639,77.75887046
13.00990212,77.69738149
12.92936035,77.63465837
12.96288,77.642168
12.91433475,77.50050902
12.92614224,77.67613739
12.84996967,77.66388841
12.9058991,77.6083707
12.98795759,77.6483044
12.994124,77.700309
12.97292098,77.65192878
12.916887,77.671389
12.90809484,77.69276205
12.97513351,77.60464277
12.898625,77.572327
12.95620059,77.58363403
12.99778368,77.66992606
12.92227248,77.56196044
12.80568048,77.70001207
12.99354195,77.70153053
12.99688,77.667447
12.9773,77.66564
12.90885956,77.68057443
12.91385436,77.60890044
12.9557889,77.7145322
